,Season 8,Season 7,Season 5,Season 3,Season 2,Season 6,Season 1,Season 4,accuracy,macro avg,weighted avg
precision,0.44907407407407407,0.22343324250681199,0.0,0.17305976806422838,0.12738853503184713,0.0,0.16167664670658682,0.0,0.19849456370225815,0.14182903329794355,0.15388095425373274
recall,0.20335429769392033,0.4190800681431005,0.0,0.37524177949709864,0.08791208791208792,0.0,0.36885245901639346,0.0,0.19849456370225815,0.1818050865328251,0.19849456370225815
f1-score,0.27994227994227994,0.2914691943127962,0.0,0.23687423687423687,0.10403120936280885,0.0,0.2248126561199001,0.0,0.19849456370225815,0.14214119707650275,0.15520058473878476
support,477.0,587.0,536.0,517.0,455.0,429.0,366.0,220.0,0.19849456370225815,3587.0,3587.0
