,Season 5,Season 6,Season 7,Season 3,Season 1,Season 4,Season 2,Season 8,accuracy,macro avg,weighted avg
precision,0.35986159169550175,0.2662337662337662,0.16122448979591836,0.1651376146788991,0.17218543046357615,0.15885416666666666,0.25333333333333335,0.1366906474820144,0.19626428770560356,0.20919013004370948,0.2143881862683436
recall,0.2180293501048218,0.20954003407155025,0.14738805970149255,0.41779497098646035,0.05714285714285714,0.14219114219114218,0.1557377049180328,0.17272727272727273,0.19626428770560356,0.19006892398045372,0.19626428770560356
f1-score,0.27154046997389036,0.23450905624404195,0.1539961013645224,0.2367123287671233,0.08580858085808582,0.15006150061500614,0.19289340101522842,0.15261044176706828,0.19626428770560356,0.18476648507562082,0.1894888136357347
support,477.0,587.0,536.0,517.0,455.0,429.0,366.0,220.0,0.19626428770560356,3587.0,3587.0
