,Season 2,Season 3,Season 8,Season 5,Season 1,Season 4,Season 7,Season 6,accuracy,macro avg,weighted avg
precision,0.0,0.211864406779661,0.1671309192200557,0.16554621848739495,0.1422924901185771,0.0,0.0,0.0,0.17368274323947588,0.08585425432571109,0.10155479716853824
recall,0.0,0.2555366269165247,0.44776119402985076,0.38104448742746616,0.07912087912087912,0.0,0.0,0.0,0.17368274323947588,0.14543289843684007,0.17368274323947588
f1-score,0.0,0.23166023166023167,0.24340770791075053,0.23081429408318685,0.10169491525423728,0.0,0.0,0.0,0.17368274323947588,0.10094714361355078,0.12044975297084021
support,477.0,587.0,536.0,517.0,455.0,429.0,366.0,220.0,0.17368274323947588,3587.0,3587.0
